X1,X2,X3,X4,X5,X6,X7,X8,X9,Y1
0.12444,0.13515,-0.99196,-0.94808,0.10897,-1.21088,-0.19243,-0.60090,1.19399,0.97327
0.75124,-1.62658,-1.02964,-1.34011,-0.61234,-1.33789,-0.91431,0.53337,-1.23473,0.01469
0.11523,0.12634,-0.99196,-1.05500,0.10183,-1.21088,-0.16296,-0.76770,1.31189,0.89838
0.77889,0.09991,0.40234,2.18816,-0.24097,1.02084,2.07635,1.26731,0.32154,-0.04523
0.52080,-0.04102,0.13855,2.15252,-0.46237,1.02084,1.88483,0.93370,0.20364,0.16446
-0.29957,1.16576,0.89222,0.53094,0.88742,0.16807,1.04509,-0.13385,0.98177,1.18296
1.13838,-1.70585,-1.29342,0.72696,-1.40507,0.47652,0.83884,1.53420,-0.50376,0.53891
-0.88027,0.54035,0.62844,-0.53823,1.88726,0.51281,0.16115,-0.40073,0.03858,-0.41967
0.95403,0.02064,0.25160,2.17034,-0.46237,1.12971,2.23841,0.90034,-0.33870,0.16446
-0.96323,0.56677,0.70380,-0.68079,1.11596,1.58331,-0.23663,-1.13467,-0.43302,-1.18355
0.74202,-0.09387,-0.27597,1.97433,-0.56235,0.24065,1.33974,1.43412,-0.43302,-0.37474
-1.10150,0.49630,1.04296,-1.12628,0.18039,0.98456,-0.94378,-1.16803,-0.57450,-1.58795
-0.64983,0.84865,0.96759,-0.05710,2.22293,0.62167,-0.41341,-0.50082,0.15648,-0.04523
0.76968,-0.03221,0.25160,2.18816,-0.49093,0.96641,1.97323,1.40076,0.01500,-0.19501
0.06914,0.45226,-0.23828,-0.23530,0.63746,-0.95686,0.69151,-0.13385,0.62808,1.12305
-0.92636,0.54035,0.77917,-0.94808,1.15167,0.87569,0.04329,-0.83442,-0.31512,-1.04875
-0.31800,1.20099,1.15601,0.44184,1.20880,0.53095,0.48526,-0.16721,0.43944,0.82349
0.92638,-1.53849,0.06318,0.94079,-0.95514,0.13178,0.92723,1.43412,-0.69240,-0.00029
0.72359,-0.17315,-0.31365,1.88523,-0.71947,0.22250,1.36920,1.53420,-0.50376,-0.35976
0.83420,-0.91308,-1.25574,1.72485,-1.26224,0.65796,1.44286,1.40076,-1.04609,0.14949
-0.89871,0.65486,0.59075,-0.53823,1.85156,0.44023,0.11695,-0.43409,0.06216,-0.41967
0.30880,0.02064,-1.36879,0.10327,0.15182,-1.13830,-0.35448,-0.26729,1.19399,1.12305
-0.89871,0.72533,1.00527,-0.34222,1.23737,1.98248,-0.16296,-1.13467,-0.33870,-0.97386
-0.77888,0.65486,1.34442,-0.53823,1.06596,1.56517,0.17588,-0.76770,0.18006,-0.80910
0.65907,-1.74109,0.66612,-0.09274,-1.19082,-1.02944,-0.57547,1.00043,-2.17793,-0.01527
-0.25348,1.27146,1.23137,0.04981,1.43019,0.31322,0.13168,-0.30065,0.36870,0.65874
-0.94480,0.76056,1.04296,-0.62733,0.32323,1.22043,-0.57547,-0.80106,0.27438,-1.28839
-0.41018,1.18338,1.08064,0.01418,1.31593,0.44023,0.35267,-0.40073,0.25080,0.59882
-0.94480,0.66367,1.26906,-0.84116,0.25895,1.11156,-0.28082,-0.96787,-0.33870,-1.36328
0.97246,-0.43741,-0.91659,-0.27094,-0.31239,-1.59191,-0.97324,-0.16721,1.57127,1.43759
1.02777,-0.92189,-0.91659,2.04561,-1.36222,0.65796,1.70804,1.53420,-1.47053,0.35918
0.04149,0.85746,0.10087,0.81606,0.50177,-0.55769,1.64912,1.26731,0.62808,1.00323
1.05542,-1.62658,-0.35134,0.83388,-1.09798,0.14993,0.86830,1.43412,-0.40944,0.08957
-0.78810,0.81341,1.04296,-0.05710,2.07295,0.53095,-0.57547,-0.60090,-0.05574,-0.46461
0.55767,-1.88203,0.25160,-0.36004,-2.08354,-1.15645,-0.48708,0.50001,-1.91855,-0.28487
-0.07834,0.76056,0.13855,0.74478,0.47320,-0.59398,1.57545,0.60010,0.53376,0.85345
0.72359,-0.73690,-1.93404,-0.84116,-0.91944,-1.61005,-1.15003,0.23313,0.60450,1.15301
0.21662,-0.64882,-1.82099,-1.16192,-0.36952,-1.30160,-1.37102,-0.66762,0.67524,0.43407
0.21662,0.08230,-0.99196,-1.10846,0.06612,-1.31974,-0.64913,-1.00123,0.95819,0.74860
-0.97245,0.54035,0.66612,-0.68079,1.06596,1.51074,0.11695,-1.13467,-0.50376,-1.01879
-0.88949,0.61962,0.51539,-0.62733,1.89441,0.65796,0.08749,-0.43409,0.08574,-0.31483
1.00012,-0.56954,-1.29342,-0.36004,-0.32667,-1.37418,-0.76699,0.03296,1.09967,1.49750
0.86185,-1.66181,-1.44416,0.38839,-1.41936,0.14993,0.63258,1.36740,-0.92820,0.17944
0.58532,-0.59597,-1.74563,-0.48477,-0.32667,-1.31974,-1.31209,-0.60090,1.31189,1.13803
-0.87106,0.57558,1.53284,-0.57387,0.84457,1.32929,0.23481,-0.46745,0.53376,-0.82408
0.32723,-0.66644,-2.00941,-1.01936,-0.49807,-1.13830,-1.56254,-0.73434,0.74597,0.46402
-0.43783,1.40359,0.85454,0.44184,1.20166,0.38580,0.76517,-0.33401,0.51018,0.68869
-0.75123,0.66367,1.45748,-0.41349,1.00169,1.58331,0.30847,-0.43409,0.25080,-0.76417
0.97246,-1.28304,0.66612,0.83388,-1.72645,-0.64841,0.57365,1.23395,-1.32905,-0.01527
-1.61768,0.79580,0.28928,0.28147,0.17325,0.96641,-0.05984,-1.73517,0.84029,-0.98883
0.16132,-0.30528,-2.00941,-0.62733,-0.04100,-1.19274,-0.78172,-0.10048,0.65166,0.68869
1.00012,-0.18196,0.10087,1.86741,-0.66948,0.93012,1.88483,1.06715,-0.15006,0.23935
-0.05991,0.71652,-0.12523,0.45966,0.58033,-0.97501,1.45760,0.36657,0.67524,1.12305
-1.08306,0.80460,1.45748,-0.27094,0.27323,0.94827,-0.69333,-0.66762,0.88745,-1.24346
-0.80653,0.61082,1.57053,-0.44913,0.96598,1.52888,0.45579,-0.23393,0.79313,-0.74919
1.35039,-1.48564,-1.10501,-1.57177,-1.19082,-1.70077,-1.28262,0.90034,-0.92820,0.70367
0.00462,0.09111,-1.21806,-0.18184,0.07326,-1.24717,-0.26609,-0.10048,1.19399,0.91336
-0.94480,0.80460,1.15601,-0.76989,0.38036,1.25672,-0.47234,-0.56754,0.76955,-1.42319
0.60376,-1.78513,-0.65280,-1.07282,-0.67662,-1.68263,0.01382,0.36657,-2.67311,-0.43465
1.94953,-1.26542,-1.48184,-0.96590,-1.27652,-1.57376,-1.79826,1.00043,-0.40944,1.82701
-1.02776,0.61082,1.08064,-0.85898,0.38750,1.12971,-0.19243,-0.63426,-0.07932,-1.13861
-0.98167,0.65486,0.47770,-0.94808,1.46590,0.40394,-0.50181,-0.46745,-0.40944,-0.73421
2.17075,-1.05401,-0.87890,-0.85898,-1.21225,-1.10202,-1.44468,1.26731,0.79313,1.55741
-0.54844,1.27146,0.66612,0.19237,0.93741,0.34951,0.27901,-0.43409,-0.29154,0.50896
-0.23504,1.35955,0.59075,0.54876,0.90171,0.20436,1.31027,-0.16721,0.88745,1.21292
-1.50707,0.98078,0.89222,0.22801,0.16611,1.03899,-0.38395,-1.10131,1.71275,-0.73421
0.74202,-1.89083,-1.63258,-1.12628,-0.77660,-1.59191,-0.85538,0.06632,-2.10719,-0.13509
1.01855,0.27609,0.28928,0.74478,0.03041,-0.24924,0.72098,0.73354,-0.88104,-0.52452
1.25821,-1.57372,-0.69049,1.08335,-1.40507,-0.01337,0.63258,1.83445,-1.28189,0.17944
-0.98167,0.57558,0.85454,-0.78771,0.42321,1.12971,-0.17770,-0.56754,0.01500,-1.19853
0.88951,-0.83380,-0.91659,2.13470,-1.39079,0.69425,1.73751,1.43412,-1.51769,0.28429
-0.93558,0.76056,1.00527,-0.69861,0.33037,1.23857,-0.47234,-0.80106,0.32154,-1.39324
0.90794,-1.76751,-1.18037,0.72696,-1.45507,0.34951,1.28081,1.60092,-1.16399,0.43407
-1.51629,0.85746,0.51539,-0.48477,0.22324,0.74868,-0.75226,-1.73517,-0.29154,-1.40822
1.01855,-0.24362,0.40234,1.36846,-0.20526,-0.46697,1.64912,1.20059,-0.43302,0.01469
-0.19817,1.18338,0.89222,0.13891,1.31593,0.34951,0.01382,-0.43409,0.01500,0.70367
-1.08306,0.83103,1.53284,-0.21748,0.27323,1.12971,-0.82592,-0.76770,0.76955,-1.43817
-1.57159,0.96316,1.19369,-0.43131,0.30894,0.76683,-0.64913,-1.46828,-0.17364,-1.01879
0.70515,-1.65300,-0.84122,-1.34011,-0.74803,-1.39232,-1.01744,0.66682,-1.23473,-0.09016
1.00012,-0.22600,-0.42670,1.99215,-0.64805,0.20436,1.41340,1.26731,-0.64524,-0.20998
-1.09228,0.80460,1.15601,-0.09274,0.25895,1.03899,-0.69333,-0.73434,1.12325,-1.25844
1.00012,-0.56954,-0.99196,-0.50259,-0.32667,-1.66448,-0.91431,-0.26729,1.66559,1.49750
1.70987,-0.78095,-1.06732,-0.43131,-1.04799,-1.15645,-1.23843,1.36740,1.35905,1.85697
-1.48864,0.98078,0.77917,-0.36004,0.16611,0.85755,-0.57547,-1.56837,-0.29154,-1.28839
-1.55316,0.80460,0.21392,0.10327,0.10897,1.11156,-0.53127,-1.43492,1.35905,-1.04875
0.69594,-0.42860,-0.46439,1.63576,-0.86944,0.04106,1.48706,1.43412,-0.99894,-0.09016
0.98168,-0.12911,0.10087,2.25944,-0.51236,1.07528,2.04689,1.16723,-0.03216,0.29927
-0.90793,0.62843,0.44002,-0.57387,1.97296,0.67611,0.05802,-0.26729,0.20364,-0.28487
-1.09228,0.53154,1.19369,-1.14410,0.25181,0.98456,-0.87012,-1.10131,-0.64524,-1.63288
-1.01854,0.63724,0.44002,-0.94808,1.38020,0.42209,-0.54601,-0.43409,-0.43302,-0.83906
0.11523,1.33312,0.66612,1.33282,0.71602,-0.52140,1.73751,0.36657,0.79313,1.42261
-0.39174,1.15695,0.62844,-0.27094,1.30878,0.38580,-0.26609,-0.46745,-0.07932,0.46402
-0.89871,0.59320,1.04296,-0.50259,0.68745,1.34744,0.10222,-0.30065,0.41586,-1.03377
-1.52551,1.00720,0.89222,-0.36004,0.25895,0.87569,-0.54601,-1.66845,-0.05574,-1.12364
-1.00932,0.65486,1.23137,-0.87680,0.24467,1.11156,-0.25136,-0.90115,-0.33870,-1.46813
-0.29035,1.31550,1.34442,0.12109,0.78030,0.24065,0.70624,-0.30065,0.95819,1.12305
0.93559,-1.03640,-1.06732,2.31290,-1.56933,0.98456,1.87010,1.56756,-0.90462,0.13451
1.13838,0.15277,0.40234,1.27936,-0.09814,-0.03151,1.22188,1.16723,-0.45660,-0.19501
-1.00010,0.59320,1.19369,-0.87680,0.30894,1.16600,-0.08930,-0.63426,-0.15006,-1.27342
0.08757,-0.04983,-0.61512,-0.98372,0.50177,-1.48304,-0.20716,-0.80106,0.03858,0.80851
0.95403,-1.67062,-1.59489,-1.94598,-1.27652,-1.33789,-1.48888,0.19976,-1.23473,0.29927
-0.36409,1.31550,0.85454,0.49530,0.99455,0.25879,1.08929,-0.16721,1.07609,1.07812
0.95403,-1.63538,-1.59489,-1.92816,-1.36222,-1.33789,-1.42995,0.03296,-1.39979,0.40411
-1.55316,0.74294,0.25160,0.08545,0.20896,0.60353,-0.16296,-1.63509,1.24115,-0.98883
0.88951,-0.60477,-1.02964,-0.59169,-0.36238,-1.70077,-1.07637,-0.33401,1.42979,1.40763
-0.28113,1.28027,0.85454,0.56658,1.02311,0.31322,1.26607,-0.13385,1.02893,1.19794
0.59454,-0.18196,-0.16292,1.92087,-0.42666,0.22250,1.33974,1.20059,-0.40944,-0.49456
-0.39174,1.13933,1.04296,-0.07492,1.32307,0.40394,0.33794,-0.33401,0.27438,0.59882
0.77889,-1.74990,-0.65280,-0.85898,-0.64805,-1.55562,-0.19243,0.53337,-2.17793,-0.19501
-1.27663,0.78699,0.77917,-0.71643,0.03756,0.87569,-1.04691,-1.33484,0.39228,-1.28839
0.96325,-0.35813,-0.42670,2.45546,-0.43380,0.16807,2.12055,1.50084,-0.22080,-0.00029
0.75124,-1.89083,-1.36879,-1.14410,-0.70518,-1.59191,-0.69333,0.39993,-2.55521,-0.13509
0.88029,-0.61358,-1.10501,1.77831,-0.71947,0.51281,1.23661,1.53420,-1.09325,-0.26990
-1.08306,0.61082,0.25160,-0.94808,1.00169,0.29508,-0.33975,-0.76770,-0.73956,-0.97386
1.00012,-1.54730,-1.40647,-1.91034,-1.33366,-1.30160,-1.31209,0.06632,-1.23473,0.44904
1.13838,-1.70585,-1.29342,0.63786,-1.39793,0.56724,0.92723,1.66765,-0.52734,0.61380
-0.97245,0.58439,0.70380,-0.89462,1.14452,0.83940,0.01382,-0.76770,-0.55092,-1.03377
-1.24898,1.00720,0.89222,-0.03928,0.16611,0.94827,-0.70806,-0.76770,1.00535,-1.16857
0.91716,-1.23019,0.40234,1.15463,-1.64789,-0.57584,0.67678,1.60092,-1.25831,0.07460
-1.66377,0.62843,0.02550,0.21019,0.10183,1.31115,-0.48708,-1.90197,1.12325,-1.34830
-0.88949,0.58439,1.15601,-0.66297,0.78030,1.32929,0.11695,-0.46745,0.36870,-0.88399
0.69594,-0.02341,0.28928,1.83177,-0.46237,0.87569,2.01742,1.40076,0.03858,-0.23994
-1.06463,0.69890,1.26906,-0.94808,0.17325,1.05713,-0.79646,-0.80106,-0.50376,-1.51306
0.12444,-0.29647,-1.97173,-0.66297,-0.04100,-1.15645,-0.60493,-0.06712,0.79313,0.73362
0.86185,-1.63538,-1.44416,-1.82124,-1.06941,-1.39232,-1.12057,0.23313,-1.35263,0.46402
0.61298,-0.13792,-0.42670,1.99215,-0.46237,0.11364,1.38393,1.50084,-0.45660,-0.28487
-1.59925,0.76937,0.06318,0.21019,0.20896,1.43816,-0.54601,-1.76853,1.12325,-1.24346
1.13838,-0.93069,-1.85868,-0.39567,-0.95514,-1.22902,-0.98798,0.43329,1.33547,1.51248
0.02305,0.19681,-1.18037,-0.93026,0.03041,-1.15645,-0.56074,-0.10048,1.19399,0.83847
1.90344,-0.77214,-1.10501,0.01418,-1.56219,-0.82985,-0.84065,1.36740,1.26473,1.85697
1.94953,-1.04521,-0.27597,-0.52041,-1.59790,-1.06573,-1.29736,1.43412,0.32154,1.58737
-0.90793,0.54915,0.89222,-0.84116,1.20880,1.20229,0.13168,-0.73434,-0.29154,-0.94390
-1.03697,0.61962,0.51539,-0.80552,1.18737,0.67611,-0.48708,-0.56754,-0.45660,-0.83906
0.22584,-1.58253,-1.10501,-1.21537,-1.04799,-1.50119,-1.09110,0.39993,-1.68275,-0.34478
-1.08306,0.78699,1.34442,-0.39567,0.28037,1.07528,-0.75226,-0.66762,0.51018,-1.25844
-1.73751,0.52273,0.47770,-0.16402,0.05898,1.03899,-0.61967,-2.13550,0.88745,-1.72275
-1.12915,0.96316,1.60821,-0.03928,0.25181,0.96641,-0.79646,-0.60090,1.07609,-1.06372
1.00012,-1.30946,0.51539,0.97643,-1.81215,-0.73913,0.83884,1.56756,-1.35263,-0.28487
1.21212,-1.52968,-0.80354,0.90515,-1.45507,0.16807,0.77991,2.00126,-1.37621,0.37415
0.12444,0.10872,-0.99196,-0.98372,0.07326,-1.21088,-0.31029,-0.76770,1.21757,1.04816
1.07386,-0.12030,-0.08755,1.35064,-0.31953,0.60353,1.41340,1.03379,-0.29154,0.10455
1.94031,-0.82499,-0.87890,-0.25312,-1.76216,-0.79357,-0.91431,1.40076,1.19399,1.97679
1.11995,0.27609,0.44002,0.97643,0.16611,-0.23110,0.55892,0.66682,-0.85746,-0.44963
0.72359,-0.31409,-0.46439,1.77831,-0.72661,0.20436,1.36920,1.26731,-0.45660,-0.31483
0.83420,-0.60477,-1.29342,-0.71643,-0.29811,-1.50119,-1.06164,-0.43409,1.42979,1.48252
-1.29507,0.80460,0.44002,-0.94808,-0.06957,0.83940,-1.35629,-1.56837,0.18006,-1.63288
0.53924,-1.98773,0.25160,-0.44913,-2.31922,-1.28346,-0.54601,-0.00040,-1.96571,-0.53950
-0.96323,0.53154,0.51539,-0.69861,1.14452,1.51074,-0.28082,-1.33484,-0.62166,-1.24346
0.60376,-1.89964,-1.21806,-1.25101,-0.79088,-1.64634,-0.48708,0.43329,-2.69668,-0.13509
1.16603,-1.49445,-1.25574,-1.69650,-1.20511,-1.68263,-1.51834,0.19976,-1.04609,0.40411
0.18897,-0.21720,-1.44416,-0.48477,0.16611,-1.12016,-0.39868,0.03296,1.07609,0.70367
-0.48392,1.29789,0.66612,0.17455,1.02311,0.34951,0.30847,-0.43409,-0.10290,0.52393
-1.53472,0.74294,0.21392,0.19237,0.20182,0.62167,-0.17770,-1.73517,1.14683,-0.97386
-0.31800,1.15695,1.15601,0.01418,1.35163,0.40394,0.55892,-0.30065,0.29796,0.59882
0.31801,-0.09387,-1.29342,-0.03928,0.13040,-1.15645,-0.50181,-0.33401,1.07609,1.07812
0.17053,-0.03221,-0.61512,-0.87680,0.21610,-1.19274,-0.57547,-0.73434,0.29796,0.82349
1.81127,-1.03640,-0.91659,-0.62733,-1.82644,-1.06573,-1.26789,1.23395,0.67524,1.66226
-0.51157,1.14814,0.96759,0.03199,1.97296,0.58539,-0.31029,-0.26729,0.20364,0.25433
-1.65455,0.84865,1.15601,-0.44913,0.25181,0.65796,-0.63440,-1.73517,0.01500,-1.21350
-1.57159,0.78699,0.21392,-0.00364,0.10897,0.96641,-0.33975,-1.76853,0.60450,-1.48311
0.86185,-1.81156,-0.31365,-0.66297,-0.64091,-1.37418,-0.17770,1.26731,-2.08361,-0.19501
-0.56688,0.98078,1.00527,0.04981,2.25149,0.65796,-0.45761,-0.43409,0.25080,-0.07518
-0.55766,0.98959,0.96759,0.08545,2.32291,0.60353,-0.48708,-0.46745,0.18006,-0.12012
0.14288,0.89269,0.25160,0.74478,0.57319,-0.43068,1.50179,0.06632,0.65166,1.03318
-1.12915,0.81341,1.53284,-0.18184,0.25895,0.85755,-0.70806,-0.66762,1.12325,-1.21350
-1.61768,0.76056,0.10087,-0.03928,0.08041,0.93012,-0.47234,-1.76853,0.41586,-1.57297
0.83420,-0.78095,-0.91659,1.83177,-1.16940,0.85755,1.56072,1.43412,-1.09325,-0.19501
0.83420,-0.57835,-1.78331,-0.69861,-0.38381,-1.31974,-0.78172,0.23313,0.62808,1.37767
0.69594,-0.27005,-0.35134,1.88523,-0.60520,0.24065,1.36920,1.50084,-0.43302,-0.29985
0.15210,0.09111,-1.25574,-0.16402,0.05898,-1.21088,-0.17770,0.16640,1.21757,1.10807
-0.08756,1.20099,0.77917,0.99425,0.82315,-0.10409,1.29554,0.09968,0.76955,1.27283
-1.65455,0.56677,-0.23828,-0.23530,0.02327,1.05713,-0.54601,-2.16886,1.12325,-1.48311
-1.11993,0.88388,1.26906,-0.36004,0.33037,1.16600,-0.60493,-0.60090,0.60450,-1.40822
0.73281,-0.57835,-1.06732,1.63576,-0.90515,-0.03151,1.36920,1.40076,-1.16399,-0.16505
1.00933,-0.48145,-0.35134,2.52673,-0.54092,0.07735,2.07635,1.56756,-0.52734,-0.00029
0.76968,0.03825,0.47770,2.06343,-0.60520,0.87569,2.01742,1.20059,-0.03216,-0.12012
1.00012,-0.56073,-1.36879,-0.34222,-0.31953,-1.41047,-0.76699,0.09968,1.07609,1.60234
0.49315,0.05587,0.21392,2.50891,-0.34810,0.87569,2.01742,1.23395,-0.05574,0.20940
-0.97245,0.53154,0.89222,-0.57387,1.20166,1.40187,-0.05984,-0.96787,-0.45660,-1.04875
0.00462,0.14396,-1.36879,-0.76989,-0.02672,-1.30160,-0.63440,-0.50082,0.95819,0.89838
-0.20739,1.22742,0.96759,0.12109,1.32307,0.34951,0.05802,-0.40073,0.18006,0.68869
0.83420,-1.60896,-1.48184,-1.64304,-0.91944,-1.33789,-1.09110,0.43329,-1.23473,0.43407
0.82498,-1.38874,0.25160,1.33282,-1.65503,-0.77542,0.55892,1.56756,-1.16399,-0.20998
0.40097,-0.60477,-2.04709,-0.98372,-0.47665,-1.19274,-1.15003,-0.43409,0.62808,0.74860
0.83420,-0.34052,-0.84122,1.97433,-0.83374,-0.24924,1.50179,1.03379,-0.99894,-0.31483
1.04621,-1.63538,0.40234,0.19237,-2.04069,-0.86614,-0.08930,1.06715,-0.99894,0.10455
-1.10150,0.56677,0.44002,-0.93026,1.56589,0.34951,-0.56074,-0.66762,-0.31512,-0.49456
-1.07384,0.78699,1.60821,-0.32440,0.31608,1.11156,-0.61967,-0.50082,0.86387,-1.27342
2.13388,-1.06282,-0.87890,-0.80552,-1.20511,-1.10202,-1.20896,1.40076,0.91103,1.70719
-1.84812,0.66367,0.32697,-0.23530,0.10897,0.34951,-0.38395,-1.40156,1.07609,-1.69280
-1.77438,0.67248,0.47770,-0.23530,0.15182,0.67611,-0.19243,-1.63509,1.26473,-1.58795
0.96325,-1.30066,-1.21806,0.85169,-1.51220,0.40394,1.19241,1.56756,-1.09325,0.35918
0.76968,-1.65300,0.59075,-0.14620,-1.39793,-0.88429,-0.13350,1.43412,-1.35263,-0.04523
-1.12915,0.85746,1.38211,-0.36004,0.21610,0.83940,-0.82592,-0.83442,0.88745,-1.27342
-1.55316,0.94554,1.94736,0.03199,0.36608,1.20229,-0.48708,-1.10131,1.00535,-0.89897
0.74202,-0.40218,-0.99196,2.49110,-0.67662,-0.21295,1.59019,1.36740,-1.04609,-0.49456
-0.79732,0.83984,1.08064,-0.03928,2.13722,0.56724,-0.67860,-0.60090,-0.10290,-0.49456
1.18447,0.22324,0.32697,0.99425,0.29466,-0.15852,1.01562,1.06715,-0.81030,-0.28487
0.06914,1.16576,0.81685,0.90515,0.83029,-0.21295,1.14822,0.16640,0.65166,1.30279
0.68672,0.03825,-0.23828,2.09906,-0.65519,1.07528,2.40047,0.76690,-0.40944,-0.44963
0.84342,-1.16853,0.77917,0.88733,-1.67646,-0.77542,0.83884,1.43412,-1.37621,-0.49456
-0.38252,1.44763,1.04296,0.44184,1.34449,0.44023,0.92723,-0.40073,0.43944,0.98825
-0.20739,1.19218,1.34442,0.03199,1.36592,0.11364,0.08749,-0.30065,0.29796,0.67371
-0.90793,0.67248,0.59075,-0.16402,2.20150,0.65796,0.05802,-0.33401,0.13290,-0.23994
0.88029,-0.55192,-1.21806,-0.52041,-0.36238,-1.41047,-1.19423,-0.33401,1.45337,1.37767
0.18897,-0.02341,-0.61512,-0.94808,0.16611,-1.24717,-0.76699,-0.73434,0.39228,0.73362
-1.59003,0.83984,1.75894,-0.23530,0.07326,1.05713,-0.64913,-1.13467,1.35905,-1.10866
-0.27191,1.20980,1.15601,0.13891,0.85171,0.29508,0.70624,-0.23393,1.00535,1.15301
1.94031,-1.03640,-0.35134,-0.44913,-1.75502,-0.95686,-1.20896,1.40076,0.65166,1.58737
1.05542,-0.29647,0.28928,1.17245,-0.32667,-0.43068,1.59019,1.16723,-0.43302,0.01469
-0.99089,0.54915,0.47770,-0.75207,1.68015,0.38580,-0.28082,-0.60090,-0.05574,-0.41967
-1.48864,1.00720,0.89222,-0.23530,0.27323,0.94827,-0.56074,-1.63509,0.01500,-1.13861
-0.97245,0.56677,1.15601,-0.68079,0.46606,1.11156,-0.19243,-0.50082,0.01500,-1.09368
-0.96323,0.61082,0.59075,-0.39567,1.92297,0.69425,-0.50181,-0.60090,0.13290,-0.46461
-1.11071,0.52273,1.19369,-1.10846,0.03756,0.96641,-0.91431,-1.13467,-0.45660,-1.58795
0.28114,0.13515,-0.99196,-0.18184,0.09469,-1.12016,-0.13350,0.33321,1.33547,1.28781
0.92638,-0.51669,-1.18037,-0.44913,-0.34810,-1.51933,-1.06164,-0.30065,1.54769,1.45256
0.03227,-0.39337,-2.12246,-0.68079,-0.39809,-1.15645,-0.82592,-0.33401,0.41586,0.47900
0.24427,-0.20839,-1.63258,-0.52041,0.13040,-1.06573,-0.35448,0.19976,0.98177,0.88340
-1.03697,0.67248,1.26906,-0.84116,0.28037,1.03899,-0.56074,-0.76770,-0.50376,-1.66284
-0.81575,0.87507,1.19369,0.01418,2.16579,0.60353,-0.67860,-0.60090,-0.17364,-0.50954
1.74674,-1.16853,-1.67026,-0.98372,-1.34794,-1.30160,-1.42995,1.20059,0.01500,1.88692
-1.58081,0.96316,1.08064,-0.39567,0.29466,0.85755,-0.63440,-1.46828,-0.26796,-1.09368
-1.09228,0.80460,1.41979,-0.25312,0.28037,1.05713,-0.82592,-0.80106,0.51018,-1.39324
0.67750,-1.59134,0.32697,0.29929,-1.28366,-1.02944,-0.39868,1.36740,-1.98929,0.17944
0.12444,-0.04983,-0.61512,-0.93026,0.52319,-1.41047,-0.32502,-0.73434,0.25080,0.77856
0.77889,-1.62658,-0.04987,-0.27094,-1.47649,-1.21088,-0.61967,1.10051,-2.06003,0.07460
-0.15208,1.11291,0.81685,-0.03928,1.31593,0.38580,-0.20716,-0.33401,-0.05574,0.83847
0.74202,-2.10224,-1.74563,-1.28665,-0.82659,-1.64634,-0.94378,-0.30065,-3.00322,-0.04523
2.13388,-1.05401,-1.06732,-0.66297,-1.28366,-1.06573,-0.98798,1.60092,0.67524,2.02172
0.22584,-0.04102,-0.72817,-0.96590,0.17325,-1.28346,-0.75226,-0.83442,0.65166,0.70367
-1.51629,0.94554,0.62844,-0.34222,0.23752,0.74868,-0.76699,-1.60173,-0.29154,-1.43817
-1.57159,0.75175,-0.04987,0.19237,0.06612,0.85755,-0.33975,-1.83525,0.84029,-1.33333
-0.09678,0.74294,-0.08755,0.45966,0.55890,-0.97501,1.36920,0.06632,0.62808,0.95829
1.33195,-1.48564,-1.18037,-1.66086,-1.21225,-1.66448,-1.42995,0.86698,-0.57450,0.52393
-1.78360,0.52273,0.10087,-0.36004,0.09469,0.87569,-0.72279,-2.06878,0.65166,-1.79764
0.26271,-0.02341,-0.87890,-0.96590,0.16611,-1.28346,-0.76699,-0.83442,0.74597,0.77856
0.63141,-0.51669,-1.63258,-0.44913,-0.27668,-1.19274,-1.29736,-0.56754,1.47695,1.00323
-0.95402,0.62843,1.23137,-0.84116,0.29466,1.11156,-0.32502,-1.10131,-0.17364,-1.40822
-0.09678,0.62843,-0.12523,0.35275,0.63032,-1.02944,1.07455,0.09968,0.65166,1.03318
0.96325,-1.75870,-1.18037,0.72696,-1.42650,0.34951,1.05982,1.86781,-0.78672,0.50896
0.98168,-1.63538,-1.44416,-1.87470,-1.20511,-1.30160,-1.31209,0.39993,-1.32905,0.22438
-0.70514,0.84865,1.15601,0.10327,2.27292,0.69425,-0.31029,-0.43409,0.15648,-0.28487
-1.00932,0.61962,0.51539,-0.78771,1.20880,0.74868,-0.42815,-0.56754,-0.43302,-0.80910
-1.05541,0.52273,1.00527,-1.01936,0.14468,0.98456,-0.76699,-1.06795,-0.33870,-1.57297
0.68672,-2.00535,0.44002,0.03199,-2.24066,-1.04758,-0.13350,0.39993,-1.96571,-0.35976
1.11073,-0.24362,0.13855,1.15463,-0.45522,0.49467,1.51652,1.16723,-0.50376,-0.26990
0.54845,-1.80275,-1.48184,-0.89462,-0.68376,-1.48304,-0.64913,0.39993,-1.96571,-0.43465
-0.23504,1.19218,0.47770,0.58440,0.72316,0.13178,1.11875,-0.23393,0.79313,1.07812
0.95403,-1.80275,0.47770,0.04981,-2.16924,-0.93872,-0.32502,1.03379,-1.70633,0.10455
0.88951,-1.08925,-1.06732,2.04561,-1.68360,0.76683,1.78171,1.40076,-1.09325,0.01469
0.87107,-0.56954,-1.44416,-0.53823,-0.29811,-1.39232,-0.82592,0.23313,0.88745,1.42261
-0.95402,0.57558,0.66612,-0.48477,1.92297,0.69425,-0.64913,-0.66762,0.06216,-0.50954
-1.03697,0.71652,0.44002,-0.78771,1.22308,0.74868,-0.54601,-0.80106,-0.29154,-0.83906
-1.10150,0.58439,0.25160,-0.98372,1.02311,0.29508,-0.11877,-0.76770,-0.62166,-0.94390
-0.93558,0.66367,1.26906,-0.76989,0.31608,1.12971,-0.28082,-1.00123,-0.10290,-1.34830
-1.66377,0.54915,-0.16292,-0.12838,0.03041,1.05713,-0.64913,-2.10214,0.91103,-1.42319
0.67750,0.01183,-0.12523,2.13470,-0.10528,0.80312,1.88483,1.26731,0.01500,-0.01527
0.62220,-0.56073,-1.63258,-0.27094,-0.22669,-1.28346,-1.31209,-0.56754,1.42979,1.12305
0.58532,-1.97892,0.44002,0.01418,-2.26208,-1.10202,-0.13350,0.33321,-1.94213,-0.49456
0.79733,-0.42860,-0.35134,1.60012,-0.86944,-0.14038,1.57545,1.16723,-0.85746,-0.22496
-1.05541,0.68128,0.51539,-0.85898,1.25165,0.71239,-0.63440,-0.73434,-0.52734,-0.86901
0.53924,0.02064,0.10087,2.43764,-0.53378,0.76683,2.00269,1.20059,0.06216,0.16446
0.09679,1.19218,0.85454,0.94079,0.86600,-0.15852,1.23661,0.33321,0.79313,1.30279
1.01855,-1.61777,-0.27597,1.01207,-1.02656,0.20436,0.97143,1.50084,-0.52734,0.16446
-0.88949,0.54035,1.08064,-0.57387,0.60889,1.22043,-0.04511,-0.50082,0.03858,-1.01879
0.86185,-1.31827,0.28928,1.33282,-1.66932,-0.57584,0.63258,1.40076,-1.28189,-0.01527
-0.93558,0.59320,0.47770,-0.41349,1.99439,0.60353,-0.42815,-0.56754,0.20364,-0.38972
-1.00010,0.61082,1.15601,-0.84116,0.32323,1.11156,-0.10403,-0.63426,-0.10290,-1.27342
0.93559,-0.52550,-1.18037,-0.32440,-0.28382,-1.30160,-0.85538,-0.26729,1.21757,1.52745
-1.62690,0.84865,0.10087,0.03199,0.13754,1.05713,-0.48708,-1.63509,0.41586,-1.42319
1.96797,-1.06282,-0.87890,-0.84116,-1.39793,-1.15645,-1.41521,1.33404,0.13290,1.49750
-0.31800,1.09529,0.70380,-0.30658,1.33021,0.38580,-0.33975,-0.46745,-0.31512,0.52393
-1.09228,0.50511,1.04296,-1.10846,0.13040,1.02084,-0.87012,-1.13467,-0.57450,-1.72275
-1.47020,0.81341,0.40234,-0.52041,0.10897,0.74868,-1.00271,-1.66845,0.06216,-1.63288
0.40097,-0.61358,-2.00941,-0.98372,-0.52664,-1.19274,-1.42995,-0.56754,0.79313,0.62878
1.58083,-0.73690,-1.21806,-0.48477,-1.07655,-1.13830,-1.13530,1.36740,1.38263,1.75212
-0.05069,0.59320,-0.16292,0.10327,0.61604,-1.01130,0.89777,-0.00040,0.67524,1.13803
0.35488,0.17919,-1.10501,0.17455,0.18039,-1.13830,0.04329,-0.13385,1.54769,1.18296
0.90794,-0.42860,-0.46439,2.24162,-0.49807,0.31322,1.95850,1.40076,-0.33870,-0.23994
0.81576,0.03825,0.32697,2.15252,-0.71233,0.87569,2.17948,1.03379,-0.19722,-0.15007
-0.38252,1.41240,1.08064,0.40621,1.30878,0.33137,0.86830,-0.40073,0.62808,0.91336
0.64985,-1.80275,-0.35134,-0.53823,-1.29795,-1.24717,-0.33975,1.20059,-2.62595,-0.04523
0.01383,1.19218,1.23137,1.01207,0.86600,-0.06780,1.20714,0.56673,0.86387,1.42261
0.51158,-1.61777,-1.36879,-1.28665,-0.84802,-1.37418,-0.57547,0.70018,-1.39979,-0.06020
-1.05541,0.74294,0.89222,-0.71643,0.31608,1.22043,-0.64913,-0.80106,0.29796,-1.48311
0.72359,-0.12030,-0.31365,2.00997,-0.50522,0.22250,1.36920,1.50084,-0.52734,-0.23994
-0.65905,0.89269,1.26906,0.10327,2.29434,0.71239,-0.25136,-0.26729,0.25080,-0.23994
1.10151,-0.24362,0.10087,1.19027,-0.40523,0.04106,1.42813,1.26731,-0.43302,-0.20998
0.83420,-0.38456,-0.69049,1.79613,-0.83374,-0.12223,1.56072,1.10051,-0.99894,-0.26990
0.03227,0.81341,0.10087,0.81606,0.47320,-0.57584,1.75224,0.56673,0.60450,0.92834
1.82970,-1.50325,-1.10501,-1.28665,-1.21939,-1.77335,-1.81299,1.10051,-0.10290,1.85697
-0.99089,0.65486,0.77917,-0.52041,1.14452,1.56517,-0.32502,-1.23476,-0.73956,-1.25844
0.08757,0.18800,-0.91659,-0.94808,0.08041,-1.06573,-0.17770,-0.40073,1.12325,0.95829
1.00012,-1.61777,-1.29342,-1.78560,-1.15511,-1.28346,-1.19423,0.19976,-1.32905,0.46402
-0.94480,0.54915,0.62844,-0.69861,1.09453,1.56517,-0.19243,-1.23476,-0.57450,-1.12364
0.79733,-0.43741,-1.10501,2.17034,-0.78374,-0.24924,1.51652,1.16723,-1.14041,-0.41967
-1.08306,0.80460,0.85454,-0.68079,0.25895,1.12971,-0.75226,-0.96787,0.25080,-1.48311
-1.49785,1.05125,1.64589,0.35275,0.22324,1.07528,-0.13350,-1.06795,1.85423,-0.71923
0.58532,-1.76751,-0.72817,-0.96590,-0.74089,-1.68263,-0.17770,0.36657,-2.81458,-0.44963
0.58532,-1.82917,-0.50207,-0.59169,-0.79088,-1.33789,-0.54601,0.93370,-2.27225,-0.23994
-1.06463,0.47869,1.41979,-1.03718,0.17325,0.96641,-0.72279,-1.06795,-0.52734,-1.54302
0.35488,0.12634,-1.25574,0.19237,0.17325,-1.02944,-0.11877,0.03296,1.35905,1.21292
-0.65905,0.89269,0.77917,-0.03928,2.20150,0.71239,-0.41341,-0.56754,-0.03216,-0.07518
0.46550,-1.85560,-1.63258,-1.03718,-0.78374,-1.50119,-0.92905,0.16640,-2.20151,-0.64434
-0.33644,1.27146,0.59075,0.53094,0.95884,0.29508,1.22188,0.09968,1.12325,1.13803
-1.53472,0.80460,0.13855,0.19237,0.18039,0.89384,-0.03037,-1.46828,0.95819,-0.98883
-1.07384,0.87507,1.41979,-0.32440,0.35179,1.34744,-0.67860,-0.60090,1.12325,-1.40822
0.40097,-0.50788,-2.23551,-1.03718,-0.51236,-1.21088,-1.31209,-0.60090,0.88745,0.44904
2.06014,-1.08044,-1.21806,-0.66297,-1.36936,-1.12016,-1.19423,1.60092,0.62808,2.26137
-1.08306,0.78699,1.41979,-0.25312,0.29466,1.03899,-0.78172,-0.80106,0.41586,-1.31835
0.95403,-2.16390,-1.63258,-1.21537,-0.82659,-1.51933,-0.75226,-0.16721,-2.81458,0.23935
0.06914,-0.40218,-2.04709,-0.59169,-0.15527,-1.21088,-0.84065,-0.30065,0.62808,0.53891
-0.13365,1.24504,0.51539,1.17245,0.75173,0.02292,1.36920,0.09968,0.91103,1.33274
1.33195,-0.13792,0.10087,1.54666,-0.04814,0.51281,1.56072,1.10051,-0.15006,-0.01527
0.12444,0.24085,-0.99196,-0.94808,0.08041,-1.02944,-0.26609,-0.26729,1.24115,0.97327
0.97246,-0.34052,-0.42670,1.99215,-0.53378,0.24065,1.51652,1.26731,-0.76314,-0.16505
1.47943,-1.30946,-1.06732,-1.25101,-1.14083,-1.64634,-1.00271,1.16723,-0.52734,1.37767
0.65907,-1.69704,0.40234,0.17455,-1.20511,-1.01130,-0.47234,0.70018,-1.91855,0.10455
1.53474,-0.78095,-1.18037,-0.50259,-1.04799,-1.10202,-1.06164,1.26731,1.35905,1.63230
0.30880,0.14396,-1.10501,0.10327,0.14468,-1.12016,-0.10403,-0.00040,1.47695,1.18296
-1.58081,0.88388,0.25160,0.29929,0.20182,1.07528,-0.13350,-1.66845,1.02893,-1.18355
-1.54394,0.80460,0.21392,-0.05710,0.14468,1.03899,-0.54601,-1.46828,1.42979,-1.19853
-0.96323,0.58439,0.85454,-0.62733,1.10167,1.60146,-0.17770,-1.16803,-0.50376,-1.06372
-1.00010,0.54915,0.66612,-0.66297,1.06596,1.47445,-0.20716,-1.23476,-0.57450,-1.09368
-1.13837,0.48749,0.96759,-1.12628,0.24467,1.03899,-1.06164,-1.23476,-0.81030,-1.76769
-0.34565,1.25384,1.00527,0.49530,1.07311,0.56724,0.57365,-0.26729,0.18006,0.73362
-1.01854,0.61082,0.40234,-0.85898,1.05882,0.65796,-0.54601,-0.50082,-0.62166,-0.86901
-0.92636,0.65486,0.51539,-0.50259,1.79442,0.47652,-0.03037,-0.56754,0.03858,-0.23994
-1.43333,0.91912,0.62844,-0.50259,0.14468,0.76683,-0.79646,-1.60173,0.08574,-1.51306
-1.59925,1.07767,1.57053,0.35275,0.23752,1.11156,-0.28082,-1.06795,1.47695,-0.94390
-0.04147,0.76056,-0.12523,0.63786,0.58033,-0.79357,1.48706,0.33321,0.62808,0.97327
-0.98167,0.62843,0.59075,-0.98372,1.15167,0.74868,-0.04511,-0.80106,-0.38586,-0.98883
-0.95402,0.58439,0.51539,-0.27094,2.08009,0.58539,-0.32502,-0.43409,0.15648,-0.37474
0.69594,-1.82917,-0.31365,-0.34222,-1.28366,-1.12016,-0.41341,1.33404,-2.43731,0.10455
-0.29957,1.20980,1.19369,-0.07492,1.32307,0.33137,0.35267,-0.33401,0.29796,0.55389
0.58532,-1.80275,-0.65280,-1.25101,-0.94086,-1.64634,-0.25136,0.70018,-2.69668,-0.41967
-1.27663,0.98078,0.77917,-0.05710,0.16611,0.98456,-0.75226,-1.06795,0.86387,-1.19853
-0.40096,1.10410,0.70380,-0.25312,1.30878,0.40394,-0.33975,-0.46745,-0.22080,0.50896
-1.11993,0.72533,0.85454,-0.80552,0.27323,1.12971,-0.72279,-1.13467,0.25080,-1.51306
0.70515,-0.00579,-0.27597,2.08125,-0.14099,0.53095,1.95850,1.20059,-0.05574,-0.16505
-0.93558,0.59320,0.47770,-0.41349,2.00867,0.65796,-0.48708,-0.63426,0.25080,-0.41967
0.58532,-0.08507,-0.12523,1.99215,-0.42666,0.14993,1.29554,1.40076,-0.50376,-0.34478
-1.21211,0.91912,0.89222,-0.25312,0.13040,0.96641,-0.85538,-1.00123,0.48660,-1.21350
0.59454,-0.07626,0.25160,2.08125,-0.39095,1.03899,1.79644,1.00043,0.29796,0.08957
-0.78810,0.63724,1.45748,-0.39567,1.00169,1.52888,0.41160,-0.10048,0.60450,-0.74919
0.73281,-0.48145,-0.46439,1.70703,-0.94086,-0.03151,1.56072,1.26731,-0.81030,-0.16505
-0.02304,1.19218,0.89222,0.79824,0.88028,-0.10409,1.13348,0.56673,0.86387,1.34772
1.00933,-0.84261,-1.93404,-0.48477,-0.88373,-1.28346,-0.97324,0.56673,1.02893,1.45256
-0.94480,0.56677,1.04296,-0.60951,0.52319,1.11156,-0.16296,-0.46745,0.01500,-1.09368
0.79733,-0.64001,-1.93404,-0.80552,-0.67662,-1.48304,-0.98798,0.23313,0.60450,1.33274
-0.76966,0.79580,1.38211,-0.41349,1.24451,1.58331,0.32320,-0.50082,0.18006,-0.68928
-0.97245,0.59320,0.66612,-0.93026,1.16595,0.85755,0.04329,-0.73434,-0.64524,-0.98883
-1.18446,0.98078,0.89222,-0.09274,0.20182,1.03899,-0.72279,-0.80106,0.72239,-1.04875
-0.85262,0.61082,1.38211,-0.57387,0.89456,1.58331,0.33794,-0.46745,0.32154,-0.97386
-0.81575,0.65486,1.57053,-0.44913,0.85885,1.56517,0.20534,-0.50082,0.65166,-0.80910
-1.37802,0.88388,0.32697,-0.66297,-0.01244,0.87569,-1.16476,-1.76853,0.13290,-1.42319
0.11523,1.31550,0.66612,1.27936,0.74459,-0.43068,1.73751,0.39993,0.79313,1.42261
1.09229,-0.12030,-0.12523,1.33282,-0.34810,0.69425,1.66385,1.03379,-0.19722,0.14949
0.41941,-1.49445,-1.29342,-1.91034,-1.36936,-1.41047,-1.22369,-0.60090,-1.84781,-0.00029
1.96797,-1.45040,-1.21806,-1.25101,-1.26224,-1.82778,-1.75406,1.03379,-0.33870,1.88692
0.42863,-1.87322,-1.36879,-1.42921,-0.91944,-1.39232,-0.50181,0.66682,-1.61201,-0.43465
-1.23976,0.83103,0.47770,-0.41349,-0.04814,0.94827,-1.28262,-1.30148,0.65166,-1.33333
-0.38252,1.42121,1.19369,0.44184,1.36592,0.42209,0.91250,-0.30065,0.88745,0.97327
0.81576,-0.75452,-1.10501,2.17034,-0.81945,0.58539,1.38393,1.33404,-1.04609,-0.38972
0.91716,-0.47265,-0.53975,1.99215,-0.47665,0.51281,1.50179,1.03379,-0.66882,-0.19501
0.72359,-0.55192,-0.99196,1.54666,-0.83374,0.05921,1.26607,1.33404,-1.09325,-0.13509
0.27193,-1.74109,-1.25574,-1.30447,-0.99085,-1.51933,-0.61967,0.39993,-1.61201,-0.44963
-0.27191,1.27146,1.26906,0.08545,0.84457,0.29508,0.75044,-0.26729,1.02893,1.21292
0.61298,-1.66181,-0.12523,-0.36004,-1.54791,-1.19274,-0.60493,0.73354,-2.06003,-0.15007
1.73753,-0.71048,-1.02964,-0.41349,-1.04085,-1.15645,-1.23843,1.33404,1.33547,1.93186
0.23506,-0.00579,-0.87890,-1.10846,0.08041,-1.24717,-0.82592,-1.06795,0.91103,0.77856
1.29508,-1.49445,-1.10501,-1.69650,-1.21225,-1.66448,-1.38575,1.06715,-0.90462,0.65874
0.96325,-1.54730,-1.36879,-1.87470,-1.39079,-1.42861,-1.26789,-0.10048,-1.47053,0.37415
-1.62690,0.74294,0.06318,0.29929,0.21610,1.43816,-0.45761,-1.80189,1.19399,-1.27342
-0.11521,1.24504,0.81685,0.85169,0.81600,-0.10409,1.22188,0.23313,0.76955,1.34772
0.87107,-0.99235,-1.29342,1.45756,-1.35508,0.67611,1.53126,1.20059,-1.11683,0.07460
0.69594,-1.69704,0.44002,-0.03928,-1.10512,-1.12016,-0.61967,1.20059,-2.39015,0.14949
0.78811,-1.87322,-0.65280,-0.60951,-0.68376,-1.48304,-0.03037,0.53337,-2.20151,-0.37474
1.32273,-1.44159,-0.50207,1.33282,-1.21939,-0.23110,0.63258,1.53420,-0.85746,0.28429
0.26271,-0.13792,-1.18037,-0.25312,0.13040,-1.12016,-0.50181,-0.23393,1.21757,1.06314
-0.41939,1.25384,0.44002,0.40621,0.89456,0.24065,1.05982,-0.16721,0.98177,1.10807
1.85735,-0.82499,-1.06732,0.04981,-1.49792,-0.79357,-0.87012,1.40076,1.14683,1.93186
0.73281,-1.66181,0.32697,-0.23530,-1.46221,-0.88429,-0.16296,1.50084,-1.58843,0.14949
-1.07384,0.83984,1.45748,-0.30658,0.32323,1.47445,-0.69333,-0.73434,1.07609,-1.31835
-0.93558,0.53154,0.47770,-0.25312,2.03724,0.58539,-0.35448,-0.50082,0.20364,-0.44963
0.03227,1.18338,0.81685,0.97643,0.83029,-0.28553,1.16295,0.19976,0.62808,1.30279
0.05070,0.97197,0.21392,1.08335,0.59461,-0.55769,1.48706,0.03296,0.62808,1.03318
-1.01854,0.69890,1.04296,-0.78771,0.31608,1.14785,-0.39868,-0.83442,0.08574,-1.39324
0.84342,-1.21257,0.89222,0.74478,-1.71217,-0.68470,0.76517,1.50084,-1.44695,-0.41967
-0.88949,0.61962,0.47770,-0.27094,2.09437,0.62167,-0.39868,-0.30065,0.27438,-0.34478
-0.99089,0.66367,0.44002,-0.87680,1.39448,0.44023,-0.53127,-0.56754,-0.57450,-0.82408
0.56689,-0.53431,-1.82099,-0.80552,-0.36952,-1.30160,-1.41521,-0.80106,1.31189,0.98825
1.29508,-0.88665,-1.78331,-0.12838,-0.89801,-1.21088,-0.87012,0.70018,1.59485,1.66226
-1.61768,0.83103,0.21392,0.13891,0.22324,1.43816,-0.63440,-1.66845,1.09967,-1.25844
1.87579,-1.22138,-1.48184,-0.96590,-1.29795,-1.41047,-1.59200,1.06715,-0.33870,1.82701
2.04171,-0.73690,-1.02964,-0.05710,-1.50506,-0.86614,-0.87012,1.53420,1.38263,1.96181
-1.21211,0.93673,0.70380,-0.30658,0.10183,0.94827,-0.87012,-1.10131,0.72239,-1.19853
0.59454,-2.04939,0.59075,-0.09274,-2.21923,-1.22902,-0.28082,0.16640,-2.06003,-0.50954
-0.01382,0.78699,0.10087,0.49530,0.64460,-0.95686,1.53126,-0.00040,0.72239,0.95829
0.59454,-1.69704,-1.36879,-1.07282,-0.67662,-1.41047,-0.72279,0.60010,-1.75349,-0.20998
0.95403,-0.53431,-0.84122,-0.34222,-0.31239,-1.68263,-0.98798,-0.30065,1.61843,1.64728
0.46550,-1.87322,-0.31365,-0.59169,-1.19082,-1.28346,-0.41341,1.00043,-2.34299,-0.41967
-0.37331,1.20099,1.04296,0.03199,1.33021,0.42209,0.35267,-0.33401,0.20364,0.58385
1.89422,-0.70167,-1.06732,-0.39567,-1.08370,-1.13830,-0.94378,1.40076,1.35905,1.72217
1.05542,-1.32708,0.25160,0.97643,-1.61933,-0.50326,0.63258,1.70101,-1.04609,0.08957
0.72359,-1.71466,0.44002,0.10327,-1.19082,-0.95686,-0.50181,0.86698,-2.15435,0.02966
-1.59003,0.80460,1.72126,-0.14620,0.09469,1.03899,-0.61967,-1.16803,1.19399,-1.18355
-0.33644,1.13933,0.70380,-0.00364,1.71586,0.53095,-0.16296,-0.40073,0.13290,0.67371
0.64063,-1.62658,0.21392,0.12109,-1.19082,-0.95686,-0.39868,1.10051,-1.82423,0.13451
-0.30878,1.12172,0.70380,-0.05710,1.53732,0.47652,-0.10403,-0.33401,0.01500,0.61380
-1.57159,0.97197,1.45748,0.17455,0.13754,1.02084,-0.45761,-1.23476,1.45337,-1.03377
0.92638,-0.40218,-0.50207,1.97433,-0.56949,0.42209,1.63438,1.16723,-0.64524,-0.16505
0.97246,-2.03177,-1.55721,-1.07282,-0.72661,-1.42861,-0.48708,0.56673,-2.90890,0.20940
-0.46548,1.24504,0.96759,0.44184,0.91599,0.33137,0.49999,-0.26729,0.15648,0.62878
-1.24898,0.79580,0.47770,-0.52041,-0.06243,0.87569,-1.12057,-1.30148,0.55734,-1.33333
0.38254,-0.39337,-2.16015,-1.01936,-0.56949,-1.21088,-0.97324,-0.40073,0.79313,0.58385
1.41491,-1.44159,-1.55721,-1.46485,-1.17654,-1.70077,-1.48888,0.86698,-1.04609,0.61380
-1.12915,0.85746,1.41979,-0.27094,0.24467,0.89384,-0.75226,-0.83442,0.91103,-1.25844
0.60376,-1.59134,0.25160,0.21019,-1.18368,-0.93872,-0.39868,1.20059,-2.06003,0.23935
-1.65455,0.85746,1.04296,-0.48477,0.23752,0.58539,-0.78172,-1.60173,0.01500,-1.31835
-0.93558,0.79580,0.96759,-0.76989,0.36608,1.25672,-0.42815,-0.80106,0.48660,-1.33333
-0.17052,1.14814,0.66612,0.79824,0.88028,-0.06780,1.14822,0.33321,0.62808,1.28781
-1.61768,0.76056,1.64589,-0.05710,0.15182,0.98456,-0.70806,-1.13467,1.00535,-1.25844
-0.35487,1.15695,1.15601,-0.05710,1.30878,0.07735,0.26427,-0.43409,0.15648,0.46402
-0.39174,1.29789,0.62844,0.49530,0.95884,0.24065,1.07455,-0.13385,1.02893,1.12305
-0.79732,0.76937,1.34442,-0.27094,1.18023,1.60146,0.33794,-0.56754,0.20364,-0.68928
-1.13837,0.83984,0.96759,-0.71643,0.23752,1.07528,-0.79646,-1.00123,0.18006,-1.55800
-1.00010,0.61082,0.51539,-0.52041,1.85156,0.65796,-0.61967,-0.73434,0.03858,-0.61439
0.51158,-0.51669,-1.93404,-0.89462,-0.39095,-1.30160,-1.28262,-0.60090,1.31189,0.85345
0.31801,-0.66644,-1.97173,-0.98372,-0.54092,-1.13830,-1.48888,-0.60090,0.86387,0.59882
0.69594,-0.13792,-0.31365,2.00997,-0.24811,0.53095,1.63438,1.16723,-0.45660,-0.22496
-0.40096,1.43002,1.38211,0.19237,1.20880,0.51281,0.69151,-0.46745,0.79313,0.88340
-1.25820,0.89269,1.04296,-0.18184,0.13754,0.89384,-0.76699,-0.96787,0.79313,-1.27342
0.90794,-1.26542,-1.18037,1.60012,-1.66932,0.83940,1.51652,1.23395,-1.21115,0.01469
-0.81575,0.61962,1.00527,-0.25312,2.09437,0.89384,-0.31029,-0.33401,0.25080,-0.29985
-0.62218,0.98078,1.00527,-0.03928,2.28720,0.65796,-0.45761,-0.46745,0.13290,-0.06020
-0.41018,1.22742,0.40234,0.37057,0.89456,0.22250,1.07455,-0.10048,1.12325,1.03318
0.60376,-1.84679,-1.55721,-1.07282,-0.82659,-1.50119,-0.87012,0.09968,-1.94213,-0.35976
0.26271,-1.72347,-1.10501,-1.23319,-0.93372,-1.50119,-0.89958,0.36657,-1.56485,-0.23994
1.01855,-0.42860,-0.35134,2.08125,-0.41951,0.31322,1.81117,1.03379,-0.55092,-0.15007
-1.09228,0.76937,1.38211,-0.36004,0.25181,1.23857,-0.87012,-0.90115,0.86387,-1.49808
0.77889,-0.42860,-0.84122,2.18816,-0.75518,-0.28553,1.60492,1.20059,-0.97536,-0.52452
-0.37331,1.36836,1.41979,0.13891,0.82315,0.47652,0.75044,-0.30065,1.02893,1.15301
0.96325,-0.49026,-0.42670,1.90305,-0.42666,0.40394,1.66385,1.06715,-0.66882,-0.15007
-0.23504,1.32431,0.51539,0.63786,0.95884,0.24065,1.23661,-0.16721,1.00535,1.13803
-0.34565,1.16576,1.04296,-0.07492,1.32307,0.25879,0.39687,-0.33401,0.29796,0.50896
-1.91265,0.58439,0.02550,-0.41349,0.03041,0.40394,-0.42815,-1.43492,1.07609,-1.79764
-0.07834,1.15695,0.66612,0.83388,0.84457,-0.14038,1.19241,0.39993,0.84029,1.37767
-1.57159,0.72533,0.10087,0.12109,0.10897,1.03899,-0.32502,-1.90197,0.65166,-1.48311
0.52080,-1.82917,-0.42670,-0.59169,-0.82659,-1.28346,-0.39868,1.10051,-2.29583,-0.41967
-0.25348,1.20099,0.40234,0.54876,0.80886,0.07735,1.13348,-0.26729,0.76955,1.00323
-1.73751,0.58439,0.13855,-0.25312,0.10183,0.98456,-0.56074,-1.83525,0.74597,-1.63288
-1.05541,0.61962,0.66612,-1.12628,0.18753,1.03899,-0.78172,-1.16803,-0.26796,-1.55800
-1.63612,0.84865,1.19369,-0.48477,0.27323,0.69425,-0.64913,-1.73517,0.13290,-1.16857
0.98168,-0.12911,0.13855,2.22380,-0.66948,1.03899,2.16475,1.10051,-0.07932,0.22438
-0.98167,0.61082,1.19369,-0.84116,0.29466,1.05713,-0.03037,-0.76770,-0.19722,-1.34830
0.17053,1.29789,0.66612,1.42192,0.70888,-0.30367,1.51652,0.36657,0.79313,1.43759
-0.40096,1.40359,0.89222,0.47748,1.25879,0.40394,0.92723,-0.43409,0.51018,0.85345
-0.27191,1.27146,1.38211,-0.03928,1.35163,0.22250,0.10222,-0.43409,0.41586,0.62878
0.82498,-0.44622,-0.72817,2.58019,-0.65519,-0.21295,1.72278,1.33404,-0.99894,-0.41967
0.78811,-1.57372,0.44002,0.04981,-1.28366,-0.95686,-0.26609,1.43412,-1.51769,0.14949
-0.73279,0.69890,1.34442,-0.34222,1.20880,1.61960,0.47053,-0.33401,0.36870,-0.68928
1.78361,-1.00116,-0.87890,-0.68079,-1.85500,-1.12016,-1.29736,1.26731,0.79313,1.63230
-0.88027,0.78699,1.38211,-0.39567,1.25165,1.96434,-0.04511,-0.80106,-0.29154,-0.94390
0.78811,-0.00579,0.28928,2.00997,-0.47665,0.94827,1.81117,1.23395,0.06216,-0.15007
0.64063,-0.56073,-1.63258,-0.69861,-0.31953,-1.30160,-1.29736,-0.46745,1.26473,1.15301
0.04149,1.20099,0.70380,0.97643,0.77315,-0.32182,1.16295,0.16640,0.60450,1.30279
0.82498,-1.80275,-0.65280,-0.78771,-0.64805,-1.46490,-0.13350,0.53337,-2.20151,-0.29985
0.78811,0.06468,0.40234,2.13470,-0.24811,1.05713,2.10582,1.10051,0.25080,0.02966
0.58532,-1.83798,-1.48184,-1.23319,-0.94086,-1.41047,-0.70806,0.56673,-1.39979,-0.38972
0.54845,-1.66181,-1.25574,-1.05500,-0.71947,-1.31974,-0.61967,0.76690,-1.37621,-0.00029
0.72359,-1.72347,-0.80354,-0.85898,-0.69090,-1.57376,-0.13350,0.60010,-2.08361,-0.26990
1.11073,-0.27005,0.40234,1.38628,-0.13385,-0.30367,1.36920,0.90034,-0.45660,-0.13509
-1.44255,0.98078,0.70380,-0.41349,0.18753,0.93012,-0.69333,-1.56837,0.06216,-1.39324
-0.76966,0.78699,1.04296,-0.07492,2.10866,0.87569,-0.41341,-0.56754,0.08574,-0.37474
-1.89421,0.45226,0.47770,-0.69861,-0.04814,0.31322,-1.09110,-2.26895,0.76955,-1.70777
1.21212,-0.17315,0.06318,1.29718,-0.31239,0.40394,1.50179,1.03379,-0.43302,-0.20998
0.97246,-2.04939,-1.40647,-0.96590,-0.56235,-1.46490,-0.48708,0.70018,-2.81458,0.16446
-1.53472,0.76937,0.44002,0.26365,0.21610,0.76683,-0.11877,-1.73517,1.00535,-0.94390
-0.15208,0.74294,0.02550,0.56658,0.53034,-0.82985,1.42813,0.50001,0.53376,0.77856
0.89872,-0.56954,-1.36879,-0.44913,-0.28382,-1.33789,-0.78172,0.26649,0.79313,1.51248
-1.00010,0.57558,0.47770,-0.85898,1.06596,0.51281,-0.39868,-0.43409,-0.57450,-0.82408
0.75124,-1.45921,-1.10501,-1.74996,-1.14797,-1.48304,-1.20896,-0.76770,-1.47053,0.37415
0.93559,-0.34932,-0.61512,2.22380,-0.38381,0.16807,2.15002,1.43412,-0.40944,0.01469
1.84814,-1.06282,-1.48184,-0.78771,-1.29795,-1.13830,-1.06164,1.56756,0.25080,2.03670
1.64535,-1.50325,-0.99196,-1.30447,-1.24796,-1.79149,-1.87192,1.10051,-0.33870,1.73714
-1.80203,0.47869,-0.12523,-0.34222,-0.00529,0.87569,-0.84065,-2.26895,0.76955,-1.79764
-0.93558,0.81341,1.15601,-0.75207,0.35179,1.23857,-0.47234,-0.60090,0.60450,-1.31835
1.01855,-0.82499,-1.85868,-0.76989,-0.91944,-1.42861,-1.12057,0.53337,1.02893,1.42261
1.90344,-1.50325,-1.02964,-1.21537,-1.26224,-1.82778,-1.73933,1.10051,-0.15006,1.90190
-1.61768,0.90150,1.23137,-0.27094,0.24467,0.78497,-0.61967,-1.73517,0.25080,-1.04875
-1.54394,0.81341,0.47770,0.28147,0.20182,0.83940,-0.10403,-1.56837,0.88745,-1.09368
-0.36409,1.16576,1.15601,0.28147,1.25879,0.42209,0.45579,-0.26729,0.20364,0.62878
-0.27191,1.19218,0.96759,0.49530,0.91599,0.20436,1.29554,-0.26729,0.98177,1.19794
-1.06463,0.56677,0.51539,-0.84116,1.64444,0.47652,-0.47234,-0.50082,-0.15006,-0.44963
-0.14287,0.74294,0.06318,0.67350,0.43035,-0.70285,1.44286,0.66682,0.62808,0.70367
-0.83419,0.61082,0.77917,-0.18184,2.02296,0.78497,-0.39868,-0.40073,0.18006,-0.46461
-1.60846,0.87507,0.21392,0.12109,0.20182,1.20229,-0.61967,-1.76853,0.84029,-1.40822
1.06464,-1.78513,-1.25574,0.67350,-1.42650,0.34951,1.04509,1.73437,-0.69240,0.52393
1.98640,-1.08925,-1.29342,-0.75207,-1.24796,-1.01130,-1.01744,1.66765,0.32154,2.03670
-0.87106,0.54915,0.96759,-0.59169,1.24451,1.40187,-0.05984,-0.83442,-0.52734,-1.03377
1.65457,-1.17734,-1.74563,-0.96590,-1.36222,-1.30160,-1.29736,1.40076,-0.31512,1.94684
0.75124,-1.83798,-0.80354,-1.28665,-0.77660,-1.73706,-0.13350,0.39993,-2.64953,-0.35976
0.82498,-1.54730,-0.99196,0.67350,-1.26224,0.14993,0.52946,1.26731,-0.90462,0.16446
-1.04619,0.67248,1.26906,-0.84116,0.25181,1.03899,-0.63440,-0.80106,-0.62166,-1.55800
1.04621,-1.70585,-1.59489,0.21019,-1.39079,0.29508,0.67678,1.40076,-0.81030,0.31424
-0.96323,0.57558,0.51539,-0.34222,2.02296,0.58539,-0.28082,-0.43409,0.25080,-0.50954
0.88951,-0.60477,-1.36879,1.72485,-0.94086,-0.21295,1.22188,1.36740,-1.21115,-0.19501
-1.03697,0.61082,0.44002,-0.94808,1.11596,0.42209,-0.16296,-0.60090,-0.45660,-0.94390
-0.97245,0.62843,0.85454,-0.60951,1.16595,1.61960,-0.28082,-1.26812,-0.69240,-1.19853
0.75124,-1.62658,0.28928,-0.05710,-1.29795,-0.88429,-0.28082,1.43412,-1.58843,0.02966
0.77889,-1.87322,-0.53975,-0.76989,-0.61948,-1.46490,-0.08930,1.03379,-2.15435,-0.20998
0.64063,0.01183,-0.08755,2.40200,-0.10528,1.03899,1.95850,1.33404,0.08574,0.29927
-1.00010,0.63724,0.96759,-1.05500,0.24467,1.05713,-0.53127,-1.06795,-0.05574,-1.49808
-1.06463,0.66367,1.26906,-0.93026,0.25181,1.05713,-0.70806,-0.76770,-0.55092,-1.54302
-1.17524,1.00720,0.96759,-0.05710,0.21610,1.11156,-0.61967,-0.73434,0.74597,-1.06372
-0.21661,1.28908,1.38211,0.12109,1.41591,0.22250,0.16115,-0.30065,0.39228,0.70367
0.98168,-0.57835,-1.21806,-0.59169,-0.24811,-1.55562,-0.78172,-0.33401,1.59485,1.45256
0.28114,-0.03221,-0.61512,-0.93026,0.18753,-1.22902,-0.69333,-0.80106,0.55734,0.85345
2.01405,-1.03640,-0.35134,-0.66297,-1.53362,-1.02944,-1.34155,1.43412,0.20364,1.64728
0.73281,0.25847,0.10087,2.36636,-0.35524,1.14785,2.44466,0.73354,-0.33870,-0.34478
0.10601,1.19218,1.04296,0.97643,0.84457,-0.10409,1.19241,0.43329,0.76955,1.33274
-0.18895,1.15695,0.85454,0.10327,1.30878,0.49467,-0.08930,-0.43409,-0.05574,0.73362
1.39647,-0.83380,-1.48184,-0.39567,-1.03370,-1.19274,-0.97324,0.83362,1.26473,1.72217
-0.99089,0.62843,0.62844,-0.94808,1.13024,0.78497,-0.08930,-0.80106,-0.10290,-0.88399
-0.46548,1.10410,0.59075,-0.00364,1.68730,0.44023,-0.19243,-0.46745,0.25080,0.29927
-0.32722,1.24504,1.15601,-0.07492,1.28022,0.25879,0.41160,-0.40073,0.27438,0.61380
0.80655,-0.66644,-1.93404,-0.71643,-0.66948,-1.51933,-1.07637,0.33321,0.67524,1.30279
0.91716,-1.54730,-1.02964,0.56658,-1.35508,0.14993,0.63258,1.00043,-0.90462,0.14949
0.92638,-1.31827,-1.10501,1.01207,-1.50506,0.38580,1.29554,1.53420,-1.04609,0.37415
-1.77438,0.47869,0.10087,-0.32440,-0.00529,0.87569,-0.70806,-2.26895,0.88745,-1.85755
